S.No,Name,Phone
1,Saketh Suman,+91 86687 44405
2,Aditya,+91 91192 67828
3,Anuj Dalvi,+91 77094 85036
4,Kshitiz Jain,+91 70114 20379
5,Lahari Vinjanampati,+91 74168 61322
6,Shadab Ghazi,+91 76310 42741
7,Diksha Sharma,+91 96677 63306
8,Akash Cheeti,+91 93909 55043
9,Jahangir,+91 80110 07074
10,Akash Raj,+91 82924 25092
11,Mohitha,+91 97040 09385
12,Tushar Kithoriya,+91 97172 11457
13,Vidhi Maske,+91 84595 76552
14,Aastha,+91 62676 39192
15,Garima Lohan,+91 70157 71078
16,Akbar Shareef Mohammad,+91 91823 33804
17,Anurag Tummapudi,+91 88973 04884
18,Nithin,+91 92208 16965
19,Aaditya,+91 97074 69791
20,Aaryan,+91 80553 91250
21,Abhishek Holla,+91 94804 14950
22,Aditi,+91 62031 03200
23,Aditya Batra,+91 87663 32765
24,Anku Kr Singh,+91 93410 26081
25,Bhanu Partap Singh Rajora,+91 93101 02574
26,Jeevan George,+91 89213 96059
27,Khushi,+91 87086 64208
28,Meet Shah,+91 80800 37798
29,Mohammad Faizan,+91 70195 69171
30,Mohanapriya,+91 99403 29648
31,Mridul J,+91 99805 03334
32,Mukul,+91 88102 78056
33,Prachi,+91 78368 55845
34,Prerak Gada,+91 92245 98850
35,Rishabh,+91 75718 71600
36,Shourya Agrawal,+91 93732 74906
37,Tanya Garg,+91 63986 03516
38,Ujjwal Singh,+91 96614 71601
39,Vaibhav Sharma,+91 82879 47631
40,Advik Sharma,+91 87562 53673
41,Akshat Srivastava,+91 78179 91383
42,Anup Kushwaha,+91 79058 69734
43,Charan Goud,+91 93986 07743
44,Gaurav Bansal,+91 98123 58414
45,Hitesh Maindh,+91 93286 50910
46,Manish Verma,+91 94533 13147
47,John,+91 83280 43851
48,Harsh,+91 76105 43614
49,Thakur,+91 73806 20507
50,Siddu,+91 99892 85455
51,Supreme,+91 92633 34343
52,Nilesh,+91 73854 13049
53,Pawan Kumar,+91 88972 71281
54,Prabhukumar,+91 94415 82248
55,Priyanka Rathod,+91 70369 67472
56,Puneet,+91 70658 65209
57,Sahil,+91 88281 01305
58,Shiddharth Dwivedi,+91 79994 49060
59,Soham,+91 92219 32130
60,Srinivas Thanniru,+91 87121 94364
61,Swyam Garg,+91 70425 39526
62,Varnit,+91 63927 73735
63,Vijay,+91 87602 26892
64,Vishwajeet,+91 93410 33083
65,Shivam Tiwari,+91 83183 99548
